Call_ID,User_Email,User_ID,Problem_Category,Problem_Description,Conversation_Log,Solution_Provided
C001,jane.doe@example.com,U001,"Service Not Working","API endpoint unresponsive.","User: 'No response from the API.'; Support: 'Please check your endpoint settings.'; User: 'I did, still no response.'","Restarted service and provided a temporary workaround."
C002,jane.doe@example.com,U001,"Authentication Issues","API key rejected during authentication.","User: 'My API key is not authenticating.'; Support: 'Verify that you are using the current key.'; User: 'I have, but still failing.'","Regenerated the API key and sent updated instructions."
C003,jane.doe@example.com,U001,"User Error with REST API","Improper HTTP method used, causing HTTP 405.","User: 'I got a 405 error using POST.'; Support: 'Try using GET as specified.'; User: 'It works with GET now.'","Clarified proper method usage and updated documentation."
C004,john.smith@example.com,U002,"Incorrect Data Returned","Response data does not match query parameters.","User: 'Returned data is inaccurate.'; Support: 'Please verify your query syntax.'; User: 'I adjusted it and data is now correct.'","Fixed a minor mapping issue and provided query examples."
C005,alice.williams@example.com,U003,"Maxing Out Transaction","Exceeded allowed transaction limits; service throttling.","User: 'My calls are getting throttled.'; Support: 'You are hitting your transaction cap.'; User: 'I need to optimize my calls.'","Advised on batching requests and provided plan upgrade options."
C006,alice.williams@example.com,U003,"Documentation Error","Mismatch between API documentation and behavior.","User: 'The timeout parameter isn’t working as documented.'; Support: 'We’re updating our docs accordingly.'; User: 'Thanks for clarifying.'","Revised documentation and issued corrective release notes."
C007,alice.williams@example.com,U003,"Unrelated Question","Inquiry about non-API services.","User: 'Do you offer mobile app development?'; Support: 'Our focus is on API cloud services.'; User: 'Understood, thank you.'","Provided a list of recommended partners for mobile development."
C008,bob.johnson@example.com,U004,"Service Not Working","API service not responding.","User: 'No API response is coming through.'; Support: 'Please check your API endpoint.'; User: 'It appears to be down.'","Restarted the backend service; issue resolved."
C009,eve.brown@example.com,U005,"Authentication Issues","API key failure during authentication.","User: 'My API key is rejected.'; Support: 'Ensure the key is valid and not expired.'; User: 'I verified and it's still failing.'","Reissued a new API key and provided updated setup instructions."
C010,eve.brown@example.com,U005,"User Error with REST API","Using the incorrect HTTP method.","User: 'I encountered a 405 error on the endpoint.'; Support: 'Check if you’re using GET/POST appropriately.'; User: 'Switching methods fixed it.'","Clarified the correct HTTP method and updated examples."
C011,michael.davis@example.com,U006,"Incorrect Data Returned","Response payload missing expected results.","User: 'The API returned incomplete data.'; Support: 'Double-check your query parameters.'; User: 'I modified my query and now it is complete.'","Fixed a data mapping bug and provided revised query examples."
C012,michael.davis@example.com,U006,"Maxing Out Transaction","Transaction limit exceeded, causing throttling.","User: 'My calls are being throttled frequently.'; Support: 'You are nearing your allowed limit.'; User: 'I will reduce call frequency.'","Instructed on rate limiting best practices and provided upgrade details."
C013,michael.davis@example.com,U006,"Documentation Error","Inaccurate API parameter description.","User: 'The docs mention a timeout that doesn’t work.'; Support: 'We acknowledge this error and are revising it.'; User: 'Please update me when it’s fixed.'","Updated documentation and sent a corrective notice to the user."
C014,linda.jones@example.com,U007,"Unrelated Question","Ask about non-service offerings.","User: 'Do you offer website design too?'; Support: 'Our services are focused on APIs.'; User: 'Okay, thanks for clarifying.'","Provided a list of third-party web design partners."
C015,linda.jones@example.com,U007,"Service Not Working","Intermittent API unavailability.","User: 'The service sometimes goes down without notice.'; Support: 'We are monitoring the situation.'; User: 'I hope it stabilizes soon.'","Identified and resolved intermittent connectivity issues."
C016,linda.jones@example.com,U007,"Authentication Issues","Recurring API key errors during login.","User: 'My authentication fails sporadically.'; Support: 'Confirm if the key hasn’t been rotated recently.'; User: 'I hadn’t noticed; I’ll update my key.'","Advised on API key rotation and reissued a new key."
C017,robert.miller@example.com,U008,"User Error with REST API","Misformatted request leads to error responses.","User: 'I get errors due to malformed JSON.'; Support: 'Review your request format.'; User: 'I amended the JSON and now it’s valid.'","Provided a JSON formatting guide and updated sample requests."
C018,patricia.wilson@example.com,U009,"Incorrect Data Returned","Data inconsistencies between query and response.","User: 'The results don’t match my query criteria.'; Support: 'Let’s review the parameter input.'; User: 'I corrected the parameters and it looks right now.'","Corrected a minor bug and updated query parameters in the support docs."
C019,patricia.wilson@example.com,U009,"Maxing Out Transaction","Frequent hitting of transaction limits.","User: 'I’m often hitting my transaction cap.'; Support: 'You might need to optimize or upgrade.'; User: 'I’ll look into it.'","Guided on usage optimization and discussed possible plan upgrades."
C020,charles.moore@example.com,U010,"Documentation Error","Outdated documentation causing confusion.","User: 'The endpoint documentation is not clear.'; Support: 'We’re in the process of updating it.'; User: 'I appreciate the prompt response.'","Revised the documentation and alerted affected users."
C021,charles.moore@example.com,U010,"Unrelated Question","Questions about additional services.","User: 'Do you support on-premise solutions as well?'; Support: 'Our focus is cloud-based APIs.'; User: 'Alright, thanks for the info.'","Clarified service boundaries and provided partner contacts."
C022,charles.moore@example.com,U010,"Service Not Working","Service intermittently unavailable.","User: 'Sometimes the service seems to drop.'; Support: 'This may be due to load spikes.'; User: 'I hope it stabilizes soon.'","Monitored and resolved intermittent service issues."
C023,daniel.clark@example.com,U011,"Authentication Issues","Issues with validating the API key.","User: 'My key fails validation repeatedly.'; Support: 'Please check the expiry date and format.'; User: 'I fixed the format and now it works.'","Performed key validation troubleshooting and issued a new key."
C024,daniel.clark@example.com,U011,"User Error with REST API","Incorrect usage of endpoint parameters.","User: 'I’m using parameter X incorrectly.'; Support: 'Review the API usage guidelines.'; User: 'I have now corrected it.'","Provided detailed instructions and updated guidelines."
C025,emily.wright@example.com,U012,"Incorrect Data Returned","Missing records in response payload.","User: 'Some expected data is not returned.'; Support: 'Verify the query filter used.'; User: 'I refined my filter and data is complete.'","Fixed a filtering issue in the backend and updated the query documentation."
C026,michael.green@example.com,U013,"Maxing Out Transaction","User’s calls exceed allowed limit causing throttling.","User: 'I’m frequently run into throttling.'; Support: 'Your usage is above the recommended level.'; User: 'I’ll reduce the batch size.'","Suggested rate limiting best practices and plan upgrade options."
C027,michael.green@example.com,U013,"Documentation Error","Mismatch between endpoint behavior and docs.","User: 'The docs mention a parameter that isn’t recognized.'; Support: 'We are in the process of an update.'; User: 'Thanks for the prompt update.'","Revised documentation and provided an interim workaround."
C028,michael.green@example.com,U013,"Unrelated Question","Inquiry about non-API related support.","User: 'Any updates on your mobile app offerings?'; Support: 'We focus exclusively on API and cloud services.'; User: 'Understood.'","Redirected user to partner service listings."
C029,sarah.adams@example.com,U014,"Service Not Working","No response from a key API endpoint.","User: 'The service appears completely dead.'; Support: 'Can you verify the endpoint URL?'","Restarted the service and issued a temporary fix."
C030,william.hall@example.com,U015,"Authentication Issues","User’s API key failing during calls.","User: 'My API key is producing errors on each call.'; Support: 'Ensure there’s no extra whitespace.'; User: 'I trimmed my key and it worked.'","Reissued a new key and provided key-management tips."
C031,william.hall@example.com,U015,"User Error with REST API","Incorrect HTTP method causing errors.","User: 'I encounter a 405 error on my request.'; Support: 'Confirm you are using the correct HTTP method.'; User: 'I switched from POST to GET and it succeeded.'","Reinforced API method guidelines in the documentation."
C032,olivia.harris@example.com,U016,"Incorrect Data Returned","Response data not matching expectation.","User: 'Returned data is inconsistent.'; Support: 'Verify that your query is precise.'; User: 'I updated my parameters and now the data is accurate.'","Adjusted data mapping issue and updated user query examples."
C033,jacob.evans@example.com,U017,"Maxing Out Transaction","Throttling due to excessive transaction volume.","User: 'I keep hitting the limit and getting throttled.'; Support: 'You’re close to your transaction cap.'; User: 'I need to optimize my calls.'","Advised on reducing call frequency and provided upgrade options."
C034,jacob.evans@example.com,U017,"Documentation Error","Discrepancy between the API guide and actual response.","User: 'The API documentation seems outdated.'; Support: 'We’re updating it immediately.'; User: 'Thanks for the heads-up.'","Updated the documentation and informed the user of the changes."
C035,jacob.evans@example.com,U017,"Unrelated Question","User inquiry about additional services.","User: 'Do you handle hosting as well?'; Support: 'We focus on API services only.'; User: 'Alright, thanks.'","Provided recommendation for hosting partners and clarified scope."
C036,sophia.morris@example.com,U018,"Service Not Working","API service intermittently fails.","User: 'The API is not responsive at times.'; Support: 'This might be due to server load issues.'; User: 'I’ll check back later.'","Resolved intermittent outages through backend optimization."
C037,sophia.morris@example.com,U018,"Authentication Issues","Issues validating API key credentials.","User: 'Authentication keeps failing.'; Support: 'Double-check your key details.'; User: 'I fixed a typo and now it works.'","Regenerated the API key and confirmed proper authentication flow."
C038,ethan.lee@example.com,U019,"User Error with REST API","Using incorrect endpoint format.","User: 'I get errors due to my request format.'; Support: 'Make sure to follow the endpoint conventions in the docs.'; User: 'I updated my URL accordingly.'","Provided a URL format guide and updated sample requests."
C039,ava.walker@example.com,U020,"Incorrect Data Returned","Returned data is incomplete.","User: 'The API response is missing fields.'; Support: 'Check if all mandatory parameters are provided.'; User: 'After adjusting it, the full data is returned.'","Fixed parameter mapping issue and updated required fields in docs."
C040,ava.walker@example.com,U020,"Maxing Out Transaction","Exceeded API call limits causing throttling.","User: 'My transactions are getting throttled regularly.'; Support: 'Your call volume is above the limit.'; User: 'I will adjust my usage.'","Offered best practices for call optimization and plan review."
C041,ava.walker@example.com,U020,"Documentation Error","Unclear instructions in the API guide.","User: 'The documentation for call batching is confusing.'; Support: 'We’re streamlining that section now.'; User: 'Please update me once revised.'","Updated documentation and provided a revised call batching example."
C042,liam.king@example.com,U021,"Unrelated Question","Inquiry unrelated to the API service.","User: 'Do you offer consulting services for custom integrations?'; Support: 'We primarily offer API platforms but can recommend partners.'; User: 'Thanks for the info.'","Provided a list of trusted integration consultants."
C043,liam.king@example.com,U021,"Service Not Working","Service is unresponsive on repeated calls.","User: 'The API is not responding to my requests.'; Support: 'Verify that you are connecting to the correct endpoint.'; User: 'Endpoint confirmed, still no response.'","Restarted the service and monitored connectivity issues."
C044,mason.young@example.com,U022,"Authentication Issues","No API key authentication success.","User: 'All my calls are failing auth.'; Support: 'Double-check your API key format.'; User: 'I rechecked and it still fails.'","Reissued a new key and provided improved documentation on key usage."
C045,lily.scott@example.com,U023,"User Error with REST API","Error due to improper parameter usage.","User: 'I get an error because my JSON is malformed.'; Support: 'Use proper JSON formatting.'; User: 'I’ve corrected it and now it works.'","Sent a JSON formatting guide and updated code samples."
C046,benjamin.hill@example.com,U024,"Incorrect Data Returned","Data returned does not match search criteria.","User: 'There are discrepancies in my returned data.'; Support: 'Ensure your query filters are correct.'; User: 'I revised my filters and the data is now accurate.'","Identified filtering bug and provided corrected query examples."
C047,benjamin.hill@example.com,U024,"Maxing Out Transaction","Experiencing throttling due to high volume calls.","User: 'My calls are being throttled.'; Support: 'Your usage exceeds the transaction limit.'; User: 'I will optimize my call frequency.'","Recommended usage reductions and discussed upgrade options."
C048,mia.moore@example.com,U025,"Documentation Error","API docs contain errors regarding data structure.","User: 'The docs show an outdated response format.'; Support: 'We are updating the relevant sections immediately.'; User: 'Thank you for the prompt response.'","Revised the affected documentation and issued an update email."
C049,mia.moore@example.com,U025,"Unrelated Question","User inquires about broader services.","User: 'Do you provide integration training?' ; Support: 'We offer webinars and training materials online.'; User: 'Great, I’ll check those out.'","Directed the user to our training portal and upcoming webinars."
C050,noah.lee@example.com,U026,"Service Not Working","The API service fails during peak usage.","User: 'My calls intermittently fail during high load.'; Support: 'This can happen during peak times; please try later.'; User: 'I’ll monitor usage patterns.'","Optimized backend load balancing and communicated expected peak times."
C051,ella.hall@example.com,U027,"Authentication Issues","Error while validating API credentials.","User: 'Authentication errors persist even after retries.'; Support: 'Please double-check your credentials.'; User: 'I reentered my details and it worked.'","Provided additional troubleshooting steps and reissued credentials."
C052,ella.hall@example.com,U027,"User Error with REST API","Incorrect HTTP verb causing errors.","User: 'I received a 405 error on my endpoint call.'; Support: 'Ensure you switch between GET and POST as required.'; User: 'I’ve adjusted my call and now it works.'","Clarified HTTP verb usage in follow-up documentation."
C053,ella.hall@example.com,U027,"Incorrect Data Returned","Response payload contains errors.","User: 'The data seems inconsistent with my request.'; Support: 'Let’s review your query details.'; User: 'After changing parameters, it works.'","Addressed a minor backend mapping error and updated query examples."
C054,lucas.allen@example.com,U028,"Maxing Out Transaction","Transactions exceed allowed limits.","User: 'I keep getting throttled.'; Support: 'Your API calls are over the limit.'; User: 'I’ll reduce the frequency.'","Offered guidance on call optimization along with plan upgrade options."
C055,grace.carter@example.com,U029,"Documentation Error","Mismatched instructions in the API guide.","User: 'The instructions do not match the endpoint behavior.'; Support: 'We are updating that section.'; User: 'I appreciate the quick fix.'","Updated documentation and provided an errata sheet."
C056,logan.martin@example.com,U030,"Unrelated Question","Inquiry about additional product features.","User: 'Do you offer custom dashboard solutions?'; Support: 'Our platform is API-focused. We recommend partners for custom dashboards.'; User: 'Thanks for the recommendation.'","Provided a curated list of dashboard solution partners."
C057,logan.martin@example.com,U030,"Service Not Working","API intermittently unresponsive.","User: 'Sometimes I can’t connect to the API.'; Support: 'This could be due to network variability.'; User: 'It does come back after a while.'","Investigated network logs and optimized service stability."
C058,logan.martin@example.com,U030,"Authentication Issues","API key issues during login attempts.","User: 'My key fails intermittently.'; Support: 'Check if there are any extra spaces in your key.'; User: 'I fixed the formatting and it’s stable now.'","Reinforced proper API key handling procedures and reissued key documentation."
C059,nathan.lee@example.com,U031,"User Error with REST API","Improper request format leads to errors.","User: 'I’m not sure why my request fails.'; Support: 'Review the JSON payload structure.'; User: 'I restructured my payload and it worked.'","Provided a JSON payload template and updated sample code."
C060,nathan.lee@example.com,U031,"Incorrect Data Returned","Query returns incomplete data.","User: 'Some data fields are missing.'; Support: 'Ensure your query parameters are correct.'; User: 'I adjusted them and got full data.'","Fixed data filtering issues and enhanced query validation."
C061,zoe.wright@example.com,U032,"Maxing Out Transaction","Exceeding the maximum transaction count.","User: 'Throttling is affecting my application.'; Support: 'Your transaction rate is too high.'; User: 'I will optimize my requests.'","Discussed bestCall_ID,User_Email,User_ID,Problem_Category,Problem_Description,Conversation_Log,Solution_Provided
C001,jane.doe@example.com,U001,"Service Not Working","API endpoint unresponsive.","User: 'No response from the API.'; Support: 'Please check your endpoint settings.'; User: 'I did, still no response.'","Restarted service and provided a temporary workaround."
C002,jane.doe@example.com,U001,"Authentication Issues","API key rejected during authentication.","User: 'My API key is not authenticating.'; Support: 'Verify that you are using the current key.'; User: 'I have, but still failing.'","Regenerated the API key and sent updated instructions."
C003,jane.doe@example.com,U001,"User Error with REST API","Improper HTTP method used, causing HTTP 405.","User: 'I got a 405 error using POST.'; Support: 'Try using GET as specified.'; User: 'It works with GET now.'","Clarified proper method usage and updated documentation."
C004,john.smith@example.com,U002,"Incorrect Data Returned","Response data does not match query parameters.","User: 'Returned data is inaccurate.'; Support: 'Please verify your query syntax.'; User: 'I adjusted it and data is now correct.'","Fixed a minor mapping issue and provided query examples."
C005,alice.williams@example.com,U003,"Maxing Out Transaction","Exceeded allowed transaction limits; service throttling.","User: 'My calls are getting throttled.'; Support: 'You are hitting your transaction cap.'; User: 'I need to optimize my calls.'","Advised on batching requests and provided plan upgrade options."
C006,alice.williams@example.com,U003,"Documentation Error","Mismatch between API documentation and behavior.","User: 'The timeout parameter isn’t working as documented.'; Support: 'We’re updating our docs accordingly.'; User: 'Thanks for clarifying.'","Revised documentation and issued corrective release notes."
C007,alice.williams@example.com,U003,"Unrelated Question","Inquiry about non-API services.","User: 'Do you offer mobile app development?'; Support: 'Our focus is on API cloud services.'; User: 'Understood, thank you.'","Provided a list of recommended partners for mobile development."
C008,bob.johnson@example.com,U004,"Service Not Working","API service not responding.","User: 'No API response is coming through.'; Support: 'Please check your API endpoint.'; User: 'It appears to be down.'","Restarted the backend service; issue resolved."
C009,eve.brown@example.com,U005,"Authentication Issues","API key failure during authentication.","User: 'My API key is rejected.'; Support: 'Ensure the key is valid and not expired.'; User: 'I verified and it's still failing.'","Reissued a new API key and provided updated setup instructions."
C010,eve.brown@example.com,U005,"User Error with REST API","Using the incorrect HTTP method.","User: 'I encountered a 405 error on the endpoint.'; Support: 'Check if you’re using GET/POST appropriately.'; User: 'Switching methods fixed it.'","Clarified the correct HTTP method and updated examples."
C011,michael.davis@example.com,U006,"Incorrect Data Returned","Response payload missing expected results.","User: 'The API returned incomplete data.'; Support: 'Double-check your query parameters.'; User: 'I modified my query and now it is complete.'","Fixed a data mapping bug and provided revised query examples."
C012,michael.davis@example.com,U006,"Maxing Out Transaction","Transaction limit exceeded, causing throttling.","User: 'My calls are being throttled frequently.'; Support: 'You are nearing your allowed limit.'; User: 'I will reduce call frequency.'","Instructed on rate limiting best practices and provided upgrade details."
C013,michael.davis@example.com,U006,"Documentation Error","Inaccurate API parameter description.","User: 'The docs mention a timeout that doesn’t work.'; Support: 'We acknowledge this error and are revising it.'; User: 'Please update me when it’s fixed.'","Updated documentation and sent a corrective notice to the user."
C014,linda.jones@example.com,U007,"Unrelated Question","Ask about non-service offerings.","User: 'Do you offer website design too?'; Support: 'Our services are focused on APIs.'; User: 'Okay, thanks for clarifying.'","Provided a list of third-party web design partners."
C015,linda.jones@example.com,U007,"Service Not Working","Intermittent API unavailability.","User: 'The service sometimes goes down without notice.'; Support: 'We are monitoring the situation.'; User: 'I hope it stabilizes soon.'","Identified and resolved intermittent connectivity issues."
C016,linda.jones@example.com,U007,"Authentication Issues","Recurring API key errors during login.","User: 'My authentication fails sporadically.'; Support: 'Confirm if the key hasn’t been rotated recently.'; User: 'I hadn’t noticed; I’ll update my key.'","Advised on API key rotation and reissued a new key."
C017,robert.miller@example.com,U008,"User Error with REST API","Misformatted request leads to error responses.","User: 'I get errors due to malformed JSON.'; Support: 'Review your request format.'; User: 'I amended the JSON and now it’s valid.'","Provided a JSON formatting guide and updated sample requests."
C018,patricia.wilson@example.com,U009,"Incorrect Data Returned","Data inconsistencies between query and response.","User: 'The results don’t match my query criteria.'; Support: 'Let’s review the parameter input.'; User: 'I corrected the parameters and it looks right now.'","Corrected a minor bug and updated query parameters in the support docs."
C019,patricia.wilson@example.com,U009,"Maxing Out Transaction","Frequent hitting of transaction limits.","User: 'I’m often hitting my transaction cap.'; Support: 'You might need to optimize or upgrade.'; User: 'I’ll look into it.'","Guided on usage optimization and discussed possible plan upgrades."
C020,charles.moore@example.com,U010,"Documentation Error","Outdated documentation causing confusion.","User: 'The endpoint documentation is not clear.'; Support: 'We’re in the process of updating it.'; User: 'I appreciate the prompt response.'","Revised the documentation and alerted affected users."
C021,charles.moore@example.com,U010,"Unrelated Question","Questions about additional services.","User: 'Do you support on-premise solutions as well?'; Support: 'Our focus is cloud-based APIs.'; User: 'Alright, thanks for the info.'","Clarified service boundaries and provided partner contacts."
C022,charles.moore@example.com,U010,"Service Not Working","Service intermittently unavailable.","User: 'Sometimes the service seems to drop.'; Support: 'This may be due to load spikes.'; User: 'I hope it stabilizes soon.'","Monitored and resolved intermittent service issues."
C023,daniel.clark@example.com,U011,"Authentication Issues","Issues with validating the API key.","User: 'My key fails validation repeatedly.'; Support: 'Please check the expiry date and format.'; User: 'I fixed the format and now it works.'","Performed key validation troubleshooting and issued a new key."
C024,daniel.clark@example.com,U011,"User Error with REST API","Incorrect usage of endpoint parameters.","User: 'I’m using parameter X incorrectly.'; Support: 'Review the API usage guidelines.'; User: 'I have now corrected it.'","Provided detailed instructions and updated guidelines."
C025,emily.wright@example.com,U012,"Incorrect Data Returned","Missing records in response payload.","User: 'Some expected data is not returned.'; Support: 'Verify the query filter used.'; User: 'I refined my filter and data is complete.'","Fixed a filtering issue in the backend and updated the query documentation."
C026,michael.green@example.com,U013,"Maxing Out Transaction","User’s calls exceed allowed limit causing throttling.","User: 'I’m frequently run into throttling.'; Support: 'Your usage is above the recommended level.'; User: 'I’ll reduce the batch size.'","Suggested rate limiting best practices and plan upgrade options."
C027,michael.green@example.com,U013,"Documentation Error","Mismatch between endpoint behavior and docs.","User: 'The docs mention a parameter that isn’t recognized.'; Support: 'We are in the process of an update.'; User: 'Thanks for the prompt update.'","Revised documentation and provided an interim workaround."
C028,michael.green@example.com,U013,"Unrelated Question","Inquiry about non-API related support.","User: 'Any updates on your mobile app offerings?'; Support: 'We focus exclusively on API and cloud services.'; User: 'Understood.'","Redirected user to partner service listings."
C029,sarah.adams@example.com,U014,"Service Not Working","No response from a key API endpoint.","User: 'The service appears completely dead.'; Support: 'Can you verify the endpoint URL?'","Restarted the service and issued a temporary fix."
C030,william.hall@example.com,U015,"Authentication Issues","User’s API key failing during calls.","User: 'My API key is producing errors on each call.'; Support: 'Ensure there’s no extra whitespace.'; User: 'I trimmed my key and it worked.'","Reissued a new key and provided key-management tips."
C031,william.hall@example.com,U015,"User Error with REST API","Incorrect HTTP method causing errors.","User: 'I encounter a 405 error on my request.'; Support: 'Confirm you are using the correct HTTP method.'; User: 'I switched from POST to GET and it succeeded.'","Reinforced API method guidelines in the documentation."
C032,olivia.harris@example.com,U016,"Incorrect Data Returned","Response data not matching expectation.","User: 'Returned data is inconsistent.'; Support: 'Verify that your query is precise.'; User: 'I updated my parameters and now the data is accurate.'","Adjusted data mapping issue and updated user query examples."
C033,jacob.evans@example.com,U017,"Maxing Out Transaction","Throttling due to excessive transaction volume.","User: 'I keep hitting the limit and getting throttled.'; Support: 'You’re close to your transaction cap.'; User: 'I need to optimize my calls.'","Advised on reducing call frequency and provided upgrade options."
C034,jacob.evans@example.com,U017,"Documentation Error","Discrepancy between the API guide and actual response.","User: 'The API documentation seems outdated.'; Support: 'We’re updating it immediately.'; User: 'Thanks for the heads-up.'","Updated the documentation and informed the user of the changes."
C035,jacob.evans@example.com,U017,"Unrelated Question","User inquiry about additional services.","User: 'Do you handle hosting as well?'; Support: 'We focus on API services only.'; User: 'Alright, thanks.'","Provided recommendation for hosting partners and clarified scope."
C036,sophia.morris@example.com,U018,"Service Not Working","API service intermittently fails.","User: 'The API is not responsive at times.'; Support: 'This might be due to server load issues.'; User: 'I’ll check back later.'","Resolved intermittent outages through backend optimization."
C037,sophia.morris@example.com,U018,"Authentication Issues","Issues validating API key credentials.","User: 'Authentication keeps failing.'; Support: 'Double-check your key details.'; User: 'I fixed a typo and now it works.'","Regenerated the API key and confirmed proper authentication flow."
C038,ethan.lee@example.com,U019,"User Error with REST API","Using incorrect endpoint format.","User: 'I get errors due to my request format.'; Support: 'Make sure to follow the endpoint conventions in the docs.'; User: 'I updated my URL accordingly.'","Provided a URL format guide and updated sample requests."
C039,ava.walker@example.com,U020,"Incorrect Data Returned","Returned data is incomplete.","User: 'The API response is missing fields.'; Support: 'Check if all mandatory parameters are provided.'; User: 'After adjusting it, the full data is returned.'","Fixed parameter mapping issue and updated required fields in docs."
C040,ava.walker@example.com,U020,"Maxing Out Transaction","Exceeded API call limits causing throttling.","User: 'My transactions are getting throttled regularly.'; Support: 'Your call volume is above the limit.'; User: 'I will adjust my usage.'","Offered best practices for call optimization and plan review."
C041,ava.walker@example.com,U020,"Documentation Error","Unclear instructions in the API guide.","User: 'The documentation for call batching is confusing.'; Support: 'We’re streamlining that section now.'; User: 'Please update me once revised.'","Updated documentation and provided a revised call batching example."
C042,liam.king@example.com,U021,"Unrelated Question","Inquiry unrelated to the API service.","User: 'Do you offer consulting services for custom integrations?'; Support: 'We primarily offer API platforms but can recommend partners.'; User: 'Thanks for the info.'","Provided a list of trusted integration consultants."
C043,liam.king@example.com,U021,"Service Not Working","Service is unresponsive on repeated calls.","User: 'The API is not responding to my requests.'; Support: 'Verify that you are connecting to the correct endpoint.'; User: 'Endpoint confirmed, still no response.'","Restarted the service and monitored connectivity issues."
C044,mason.young@example.com,U022,"Authentication Issues","No API key authentication success.","User: 'All my calls are failing auth.'; Support: 'Double-check your API key format.'; User: 'I rechecked and it still fails.'","Reissued a new key and provided improved documentation on key usage."
C045,lily.scott@example.com,U023,"User Error with REST API","Error due to improper parameter usage.","User: 'I get an error because my JSON is malformed.'; Support: 'Use proper JSON formatting.'; User: 'I’ve corrected it and now it works.'","Sent a JSON formatting guide and updated code samples."
C046,benjamin.hill@example.com,U024,"Incorrect Data Returned","Data returned does not match search criteria.","User: 'There are discrepancies in my returned data.'; Support: 'Ensure your query filters are correct.'; User: 'I revised my filters and the data is now accurate.'","Identified filtering bug and provided corrected query examples."
C047,benjamin.hill@example.com,U024,"Maxing Out Transaction","Experiencing throttling due to high volume calls.","User: 'My calls are being throttled.'; Support: 'Your usage exceeds the transaction limit.'; User: 'I will optimize my call frequency.'","Recommended usage reductions and discussed upgrade options."
C048,mia.moore@example.com,U025,"Documentation Error","API docs contain errors regarding data structure.","User: 'The docs show an outdated response format.'; Support: 'We are updating the relevant sections immediately.'; User: 'Thank you for the prompt response.'","Revised the affected documentation and issued an update email."
C049,mia.moore@example.com,U025,"Unrelated Question","User inquires about broader services.","User: 'Do you provide integration training?' ; Support: 'We offer webinars and training materials online.'; User: 'Great, I’ll check those out.'","Directed the user to our training portal and upcoming webinars."
C050,noah.lee@example.com,U026,"Service Not Working","The API service fails during peak usage.","User: 'My calls intermittently fail during high load.'; Support: 'This can happen during peak times; please try later.'; User: 'I’ll monitor usage patterns.'","Optimized backend load balancing and communicated expected peak times."
C051,ella.hall@example.com,U027,"Authentication Issues","Error while validating API credentials.","User: 'Authentication errors persist even after retries.'; Support: 'Please double-check your credentials.'; User: 'I reentered my details and it worked.'","Provided additional troubleshooting steps and reissued credentials."
C052,ella.hall@example.com,U027,"User Error with REST API","Incorrect HTTP verb causing errors.","User: 'I received a 405 error on my endpoint call.'; Support: 'Ensure you switch between GET and POST as required.'; User: 'I’ve adjusted my call and now it works.'","Clarified HTTP verb usage in follow-up documentation."
C053,ella.hall@example.com,U027,"Incorrect Data Returned","Response payload contains errors.","User: 'The data seems inconsistent with my request.'; Support: 'Let’s review your query details.'; User: 'After changing parameters, it works.'","Addressed a minor backend mapping error and updated query examples."
C054,lucas.allen@example.com,U028,"Maxing Out Transaction","Transactions exceed allowed limits.","User: 'I keep getting throttled.'; Support: 'Your API calls are over the limit.'; User: 'I’ll reduce the frequency.'","Offered guidance on call optimization along with plan upgrade options."
C055,grace.carter@example.com,U029,"Documentation Error","Mismatched instructions in the API guide.","User: 'The instructions do not match the endpoint behavior.'; Support: 'We are updating that section.'; User: 'I appreciate the quick fix.'","Updated documentation and provided an errata sheet."
C056,logan.martin@example.com,U030,"Unrelated Question","Inquiry about additional product features.","User: 'Do you offer custom dashboard solutions?'; Support: 'Our platform is API-focused. We recommend partners for custom dashboards.'; User: 'Thanks for the recommendation.'","Provided a curated list of dashboard solution partners."
C057,logan.martin@example.com,U030,"Service Not Working","API intermittently unresponsive.","User: 'Sometimes I can’t connect to the API.'; Support: 'This could be due to network variability.'; User: 'It does come back after a while.'","Investigated network logs and optimized service stability."
C058,logan.martin@example.com,U030,"Authentication Issues","API key issues during login attempts.","User: 'My key fails intermittently.'; Support: 'Check if there are any extra spaces in your key.'; User: 'I fixed the formatting and it’s stable now.'","Reinforced proper API key handling procedures and reissued key documentation."
C059,nathan.lee@example.com,U031,"User Error with REST API","Improper request format leads to errors.","User: 'I’m not sure why my request fails.'; Support: 'Review the JSON payload structure.'; User: 'I restructured my payload and it worked.'","Provided a JSON payload template and updated sample code."
C060,nathan.lee@example.com,U031,"Incorrect Data Returned","Query returns incomplete data.","User: 'Some data fields are missing.'; Support: 'Ensure your query parameters are correct.'; User: 'I adjusted them and got full data.'","Fixed data filtering issues and enhanced query validation."
C061,zoe.wright@example.com,U032,"Maxing Out Transaction","Exceeding the maximum transaction count.","User: 'Throttling is affecting my application.'; Support: 'Your transaction rate is too high.'; User: 'I will optimize my requests.'","Discussed best